time,open,close,high,low,volume
2026-03-01 01:00:00,7.866,7.91,7.91,7.8,2639143.45822264
2026-03-01 02:00:00,7.949,7.917,7.984,7.912,1428147.16087073
2026-03-01 03:00:00,7.912,7.943,7.949,7.91,502475.65129053
2026-03-01 04:00:00,7.945,7.985,7.999,7.92,825714.35145428
2026-03-01 05:00:00,7.984,7.984,7.985,7.94,1714423.29818042
2026-03-01 06:00:00,7.984,7.901,7.984,7.855,719139.1496682
2026-03-01 07:00:00,7.865,7.903,7.903,7.86,288170.53941169
2026-03-01 08:00:00,7.907,7.811,7.91,7.811,1035382.65436138
2026-03-01 09:00:00,7.846,7.843,7.859,7.812,211255.90573761
2026-03-01 10:00:00,7.843,7.751,7.849,7.75,1742494.56541302
2026-03-01 11:00:00,7.759,7.792,7.801,7.75,417883.3204235009
2026-03-01 12:00:00,7.791,7.795,7.811,7.761,182604.571709774
2026-03-01 13:00:00,7.793,7.871,7.893,7.761,603876.37955703
2026-03-01 14:00:00,7.871,7.878,7.884,7.799,1510304.54492636
2026-03-01 15:00:00,7.854,8.481,8.744,7.803,187111466.7776825
2026-03-01 16:00:00,8.481,8.398,8.511,8.187,17511400.638592184
2026-03-01 17:00:00,8.398,8.397,8.444,8.298,3445345.4847593782
2026-03-01 18:00:00,8.378,8.44,8.555,8.261,5851994.478746299
2026-03-01 19:00:00,8.44,8.414,8.44,8.373,1985313.595535616
2026-03-01 20:00:00,8.403,8.292,8.413,8.292,2542226.24588441
2026-03-01 21:00:00,8.29,8.336,8.343,8.2,3771625.9017580864
2026-03-01 22:00:00,8.32,8.19,8.403,8.187,9817387.180105183
2026-03-01 23:00:00,8.19,8.241,8.295,8.145,7915373.257857958
2026-03-02 00:00:00,8.249,8.394,9.621,8.2,143870711.75536796
2026-03-02 01:00:00,8.396,8.551,8.555,8.383,16870996.660839874
2026-03-02 02:00:00,8.501,8.35,8.535,8.346,9820650.677615697
2026-03-02 03:00:00,8.386,8.406,8.427,8.293,11384792.862855043
2026-03-02 04:00:00,8.42,8.385,8.469,8.314,4616110.763634001
2026-03-02 05:00:00,8.32,8.385,8.385,8.263,4039696.626824303
2026-03-02 06:00:00,8.346,8.308,8.37,8.22,6937146.018684395
2026-03-02 07:00:00,8.326,8.269,8.326,8.17,6338254.13225678
2026-03-02 08:00:00,8.261,8.43,8.593,8.261,19052534.147720154
2026-03-02 09:00:00,8.412,8.681,8.808,8.401,36522053.66088596
2026-03-02 10:00:00,8.681,8.508,8.74,8.507,8840478.41746329
2026-03-02 11:00:00,8.518,8.586,8.62,8.508,4229569.361264931
2026-03-02 12:00:00,8.59,8.595,8.8,8.55,8587571.682185259
2026-03-02 13:00:00,8.589,8.531,8.775,8.531,7247155.590058034
2026-03-02 14:00:00,8.558,8.726,8.728,8.558,5144527.160066192
2026-03-02 15:00:00,8.725,8.526,9.047,8.436,48654215.03359714
2026-03-02 16:00:00,8.526,8.5,8.547,8.477,1741924.4958362
2026-03-02 17:00:00,8.5,8.411,8.5,8.367,2809621.14984542
2026-03-02 18:00:00,8.485,8.484,8.572,8.438,2857169.40463865
2026-03-02 19:00:00,8.427,8.478,8.478,8.375,67263.61594972
2026-03-02 20:00:00,8.396,8.389,8.431,8.334,593983.21977892
2026-03-02 21:00:00,8.404,8.276,8.404,8.253,2899975.21301221
2026-03-02 22:00:00,8.306,8.314,8.317,8.246,2724265.54103655
2026-03-02 23:00:00,8.281,8.267,8.29,8.221,1394288.801991182
2026-03-03 00:00:00,8.245,8.321,8.321,8.215,3526217.17381097
2026-03-03 01:00:00,8.35,8.357,8.425,8.35,1496435.52095226
2026-03-03 02:00:00,8.329,8.316,8.398,8.316,510703.86212155
2026-03-03 03:00:00,8.315,8.309,8.329,8.277,516877.38797078
2026-03-03 04:00:00,8.312,8.344,8.364,8.3,1331408.29081476
2026-03-03 05:00:00,8.338,8.324,8.391,8.301,1013850.17332361
2026-03-03 06:00:00,8.324,8.386,8.387,8.318,436883.00007335
2026-03-03 07:00:00,8.393,8.547,8.628,8.393,2273746.7951846165
2026-03-03 08:00:00,8.574,8.591,8.646,8.546,1160836.11027751
2026-03-03 09:00:00,8.543,8.291,8.552,8.286,590726.8787985906
2026-03-03 10:00:00,8.32,8.309,8.392,8.309,479838.14411834
2026-03-03 11:00:00,8.325,8.315,8.388,8.251,2060814.28861811
2026-03-03 12:00:00,8.369,8.372,8.455,8.369,1980823.0850537631
2026-03-03 13:00:00,8.371,8.402,8.418,8.371,180467.54086517
2026-03-03 14:00:00,8.418,8.51,8.512,8.375,1294345.13977526
2026-03-03 15:00:00,8.511,8.566,9.767,8.427,113451721.19964503
2026-03-03 16:00:00,8.631,8.612,8.686,8.547,2939889.63405152
2026-03-03 17:00:00,8.648,8.567,8.682,8.538,2736469.923232196
2026-03-03 18:00:00,8.604,8.653,8.68,8.604,894090.7570472248
2026-03-03 19:00:00,8.653,8.586,8.66,8.569,539978.10678851
2026-03-03 20:00:00,8.569,8.503,8.627,8.503,2645250.95855971
2026-03-03 21:00:00,8.528,8.595,8.595,8.528,474673.53684956
2026-03-03 22:00:00,8.577,8.519,8.65,8.519,1520303.31452409
2026-03-03 23:00:00,8.532,8.48,8.555,8.478,1145585.44938309
2026-03-04 00:00:00,8.479,8.394,8.481,8.394,1121610.67775026
2026-03-04 01:00:00,8.39,8.47,8.476,8.355,3057091.254287944
2026-03-04 02:00:00,8.46,8.39,8.46,8.369,937471.78927502
2026-03-04 03:00:00,8.442,8.369,8.443,8.362,1814437.26660781
2026-03-04 04:00:00,8.38,8.424,8.424,8.38,136185.28084279
2026-03-04 05:00:00,8.424,8.466,8.474,8.411,155051.11550993
2026-03-04 06:00:00,8.433,8.467,8.527,8.432,295742.03971985064
2026-03-04 07:00:00,8.489,8.63,8.63,8.489,942462.0653879403
2026-03-04 08:00:00,8.667,8.727,8.727,8.589,2345536.53342733
2026-03-04 09:00:00,8.728,8.913,8.955,8.728,1833302.9236425993
2026-03-04 10:00:00,8.912,8.948,8.952,8.852,556996.5411434955
2026-03-04 11:00:00,8.956,9.094,9.163,8.956,3352624.682825336
2026-03-04 12:00:00,9.095,8.995,9.278,8.981,7111006.74459494
2026-03-04 13:00:00,9.006,8.832,9.048,8.832,1114397.07298141
2026-03-04 14:00:00,8.79,8.781,8.854,8.742,1588420.81852189
2026-03-04 15:00:00,8.785,8.601,9.054,8.559,18787939.121746074
2026-03-04 16:00:00,8.667,8.605,8.696,8.558,1316369.22313708
2026-03-04 17:00:00,8.606,8.667,8.691,8.603,149517.53154646
2026-03-04 18:00:00,8.626,8.784,8.824,8.626,496537.30085078336
2026-03-04 19:00:00,8.728,8.728,8.728,8.728,584.0926
2026-03-04 20:00:00,8.715,8.715,8.715,8.715,8584.30515793
2026-03-04 21:00:00,8.667,8.603,8.711,8.603,340527.66641621
2026-03-04 22:00:00,8.624,8.513,8.629,8.466,1407994.4262847186
2026-03-04 23:00:00,8.492,8.507,8.515,8.456,284828.66009571
2026-03-05 00:00:00,8.504,8.546,8.546,8.463,351734.86743308
2026-03-05 01:00:00,8.576,8.495,8.591,8.251,1351543.658597237
2026-03-05 02:00:00,8.495,8.429,8.55,8.375,790902.651038747
2026-03-05 03:00:00,8.428,8.508,8.508,8.428,1134631.02102119
2026-03-05 04:00:00,8.515,8.491,8.515,8.49,93094.49343233
2026-03-05 05:00:00,8.493,8.52,8.528,8.491,110832.23840659
2026-03-05 06:00:00,8.52,8.52,8.52,8.484,141272.89059158
2026-03-05 07:00:00,8.546,8.474,8.548,8.474,1295006.6642823354
2026-03-05 08:00:00,8.47,8.529,8.529,8.448,115989.87891619008
2026-03-05 09:00:00,8.517,8.549,8.592,8.517,2834317.90140418
2026-03-05 10:00:00,8.502,8.512,8.512,8.45,2457979.51139138
2026-03-05 11:00:00,8.518,8.509,8.587,8.501,973368.84336522
2026-03-05 12:00:00,8.549,8.541,8.549,8.511,72108.61148788
2026-03-05 13:00:00,8.539,8.52,8.539,8.52,125616.91625924
2026-03-05 14:00:00,8.552,8.551,8.599,8.531,1119318.0961919324
2026-03-05 15:00:00,8.598,8.47,9.0,8.454,21026223.120525386
2026-03-05 16:00:00,8.456,8.388,8.505,8.306,2577128.80072404
2026-03-05 17:00:00,8.409,8.351,8.409,8.31,281261.24136414
2026-03-05 18:00:00,8.404,8.412,8.412,8.404,18447.03520292
2026-03-05 19:00:00,8.427,8.448,8.448,8.427,118371.21212122
2026-03-05 20:00:00,8.425,8.472,8.472,8.422,104941.07300521
2026-03-05 21:00:00,8.433,8.405,8.433,8.334,235616.99152274
2026-03-05 22:00:00,8.403,8.4,8.445,8.369,1188160.99290031
2026-03-05 23:00:00,8.395,8.379,8.412,8.379,118962.1092661544
2026-03-06 00:00:00,8.378,8.309,8.405,8.309,524121.55706724
2026-03-06 01:00:00,8.341,8.427,8.427,8.309,699962.10045489
2026-03-06 02:00:00,8.426,8.447,8.453,8.392,1362644.7944725545
2026-03-06 03:00:00,8.471,8.35,8.482,8.35,2151901.49582298
2026-03-06 04:00:00,8.367,8.306,8.367,8.306,1896198.37878914
2026-03-06 05:00:00,8.306,8.294,8.306,8.22,2370269.5239360994
2026-03-06 06:00:00,8.309,8.304,8.351,8.265,227235.73606357
2026-03-06 07:00:00,8.263,8.309,8.309,8.256,19060.51272329
2026-03-06 08:00:00,8.306,8.492,8.538,8.306,18376871.60338963
2026-03-06 09:00:00,8.492,8.395,8.55,8.394,6631509.631467032
2026-03-06 10:00:00,8.395,8.477,8.477,8.395,1202499.28349542
2026-03-06 11:00:00,8.464,8.387,8.464,8.38,733319.4515396418
2026-03-06 12:00:00,8.375,8.414,8.415,8.35,1127062.21310147
2026-03-06 13:00:00,8.4,8.388,8.409,8.326,2118554.7398375385
2026-03-06 14:00:00,8.379,8.311,8.396,8.31,1312046.00245194
2026-03-06 15:00:00,8.313,8.3,8.365,8.272,4509194.937580554
2026-03-06 16:00:00,8.301,8.199,8.301,8.152,2627167.9670209074
2026-03-06 17:00:00,8.242,8.163,8.262,8.138,1691780.84151035
2026-03-06 18:00:00,8.19,8.189,8.25,8.189,607050.77398057
2026-03-06 19:00:00,8.19,8.189,8.19,8.189,269197.2855881
2026-03-06 20:00:00,8.213,8.168,8.213,8.168,1909.8731008844168
2026-03-06 21:00:00,8.167,8.15,8.168,8.142,204046.0868722
2026-03-06 22:00:00,8.15,8.106,8.158,8.1,547527.545850852
2026-03-06 23:00:00,8.12,8.12,8.154,8.12,194502.85195197
2026-03-07 00:00:00,8.12,8.139,8.15,8.021,4522697.17596911
2026-03-07 01:00:00,8.151,8.15,8.2,8.15,246550.244711
2026-03-07 02:00:00,8.151,8.101,8.151,8.1,331561.60841308
2026-03-07 03:00:00,8.103,8.136,8.136,8.079,592939.80636938
2026-03-07 04:00:00,8.107,8.125,8.126,8.05,553683.11023873
2026-03-07 05:00:00,8.126,8.136,8.136,8.125,283229.4362062
2026-03-07 06:00:00,8.126,8.193,8.229,8.125,2940437.36593031
2026-03-07 07:00:00,8.141,8.133,8.15,8.133,171041.42868897
2026-03-07 08:00:00,8.152,8.232,8.232,8.15,1153603.89376775
2026-03-07 09:00:00,8.25,8.423,8.423,8.25,6103025.370315382
2026-03-07 10:00:00,8.423,8.487,8.512,8.381,2437548.301482258
2026-03-07 11:00:00,8.427,8.5,8.5,8.427,300273.78259281
2026-03-07 12:00:00,8.52,8.404,8.551,8.378,2524475.89683646
2026-03-07 13:00:00,8.435,8.383,8.435,8.379,48551.77885985
2026-03-07 14:00:00,8.384,8.57,8.592,8.368,5296639.19790404
2026-03-07 15:00:00,8.592,8.601,9.159,8.368,80120736.14837873
2026-03-07 16:00:00,8.666,8.476,8.668,8.408,5807410.352624538
2026-03-07 17:00:00,8.497,8.8,8.858,8.464,3097405.18467541
2026-03-07 18:00:00,8.839,8.704,8.914,8.704,1476476.22396889
2026-03-07 19:00:00,8.804,8.729,8.804,8.725,1307669.85426374
2026-03-07 20:00:00,8.715,8.718,8.891,8.715,1016803.61561625
2026-03-07 21:00:00,8.79,8.754,8.862,8.715,1974579.3685316935
2026-03-07 22:00:00,8.75,8.728,8.908,8.728,4644733.503376929
2026-03-07 23:00:00,8.72,8.708,8.818,8.695,3441976.15006585
2026-03-08 00:00:00,8.741,8.667,8.741,8.608,4736767.858962781
2026-03-08 01:00:00,8.664,8.631,8.664,8.559,894847.05687521
2026-03-08 02:00:00,8.648,8.531,8.667,8.49,511135.4739372
2026-03-08 03:00:00,8.553,8.535,8.606,8.514,463110.3894443
2026-03-08 04:00:00,8.573,8.708,8.708,8.573,545213.69061963
2026-03-08 05:00:00,8.677,8.67,8.701,8.641,869228.1023413383
2026-03-08 06:00:00,8.67,8.525,8.67,8.525,922943.35247162
2026-03-08 07:00:00,8.606,8.814,8.814,8.606,1697948.41279182
2026-03-08 08:00:00,8.735,8.695,8.745,8.657,941901.3019201664
2026-03-08 09:00:00,8.728,8.648,8.746,8.639,1665105.99474542
2026-03-08 10:00:00,8.676,8.785,8.8,8.676,833226.26907739
2026-03-08 11:00:00,8.785,8.75,8.896,8.705,2555158.81751501
2026-03-08 12:00:00,8.785,8.809,8.818,8.671,2220101.51341917
2026-03-08 13:00:00,8.774,8.683,8.774,8.625,1171651.1788985727
2026-03-08 14:00:00,8.68,8.778,8.847,8.68,4420346.171318452
2026-03-08 15:00:00,8.778,8.704,8.79,8.69,568534.22676677
2026-03-08 16:00:00,8.712,8.764,8.78,8.712,91266.80313463
2026-03-08 17:00:00,8.777,8.768,8.809,8.768,410246.89990495
2026-03-08 18:00:00,8.807,8.77,8.821,8.77,39701.26598742
2026-03-08 19:00:00,8.846,8.892,8.892,8.846,13481.6062539
2026-03-08 20:00:00,8.824,8.823,8.845,8.796,1156421.78266812
2026-03-08 21:00:00,8.823,8.793,8.823,8.79,569119.06573026
2026-03-08 22:00:00,8.797,8.852,8.852,8.739,754137.05952396
2026-03-08 23:00:00,8.848,8.739,8.848,8.733,195437.51910883
2026-03-09 00:00:00,8.768,8.798,8.849,8.745,599481.53524067
2026-03-09 01:00:00,8.793,8.839,8.892,8.792,1942893.0878585
2026-03-09 02:00:00,8.813,8.873,8.879,8.751,344761.75970296
2026-03-09 03:00:00,8.852,8.868,8.9,8.851,301638.5052375522
2026-03-09 04:00:00,8.896,9.133,9.192,8.896,2732829.7275878256
2026-03-09 05:00:00,9.13,10.8,10.99,9.009,100723139.469458
2026-03-09 06:00:00,10.8,10.09,11.1,9.887,56447328.04219765
2026-03-09 07:00:00,10.09,10.04,10.45,9.801,29258289.507407207
2026-03-09 08:00:00,9.991,9.519,10.08,9.459,29776850.479136717
2026-03-09 09:00:00,9.506,9.25,9.67,9.207,22497191.56936419
2026-03-09 10:00:00,9.25,9.208,9.282,9.145,8567157.43166064
2026-03-09 11:00:00,9.258,9.264,9.264,9.149,4657037.568388919
2026-03-09 12:00:00,9.263,9.196,9.364,9.177,4306088.91055956
2026-03-09 13:00:00,9.195,9.267,9.278,9.15,2003485.62379995
2026-03-09 14:00:00,9.215,9.342,9.391,9.152,6479404.854896613
2026-03-09 15:00:00,9.33,9.118,9.478,9.061,13013660.256200232
2026-03-09 16:00:00,9.091,9.216,9.216,9.078,572171.55195641
2026-03-09 17:00:00,9.201,9.216,9.216,9.169,55163.89838607
2026-03-09 18:00:00,9.161,9.097,9.161,9.097,197666.48069643
2026-03-09 19:00:00,9.149,9.082,9.153,9.082,239239.44309571
2026-03-09 20:00:00,9.091,9.019,9.091,9.019,421102.3196959
2026-03-09 21:00:00,9.019,9.02,9.07,9.008,841394.26313514
2026-03-09 22:00:00,9.022,8.967,9.043,8.921,3876545.61378274
2026-03-09 23:00:00,8.965,9.021,9.045,8.944,2049831.5367464
2026-03-10 00:00:00,9.02,8.997,9.048,8.996,253118.48045184
2026-03-10 01:00:00,8.997,8.928,8.997,8.896,2065372.6305784704
2026-03-10 02:00:00,8.927,8.988,8.988,8.866,2254220.45163632
2026-03-10 03:00:00,8.988,8.857,8.988,8.851,3498347.9092974258
2026-03-10 04:00:00,8.929,9.034,9.034,8.929,700546.343910974
2026-03-10 05:00:00,9.0,9.179,9.182,8.993,4739690.52887283
2026-03-10 06:00:00,9.183,9.234,9.237,9.106,2208642.6650616634
2026-03-10 07:00:00,9.211,9.224,9.514,9.202,4671800.08989749
2026-03-10 08:00:00,9.224,9.26,9.26,9.15,3109892.64845831
2026-03-10 09:00:00,9.279,9.297,9.306,9.224,1869740.049974474
2026-03-10 10:00:00,9.316,9.174,9.317,9.123,2299348.25000071
2026-03-10 11:00:00,9.189,9.179,9.208,9.122,722507.03082407
2026-03-10 12:00:00,9.196,9.131,9.203,9.128,539969.3442252753
2026-03-10 13:00:00,9.126,9.016,9.126,8.914,3041553.634227455
2026-03-10 14:00:00,8.98,9.021,9.04,8.975,636719.6408997455
2026-03-10 15:00:00,9.027,8.901,9.027,8.9,2319258.259956137
2026-03-10 16:00:00,8.901,8.917,8.962,8.892,565881.937723636
2026-03-10 17:00:00,8.935,8.988,8.993,8.935,341175.56320733
2026-03-10 18:00:00,8.99,9.11,9.122,8.973,4045954.26414299
2026-03-10 19:00:00,9.038,9.085,9.11,9.037,366538.80139506125
2026-03-10 20:00:00,9.057,9.011,9.057,9.011,684637.46683856
2026-03-10 21:00:00,9.037,9.029,9.037,8.967,1221667.47685857
2026-03-10 22:00:00,9.05,9.04,9.093,8.931,3431394.699394905
2026-03-10 23:00:00,9.054,9.171,9.242,9.043,2641032.254810128
2026-03-11 00:00:00,9.196,9.109,9.196,9.06,735754.0766067699
2026-03-11 01:00:00,9.139,9.169,9.219,9.102,3521044.19319508
2026-03-11 02:00:00,9.135,9.333,9.581,9.12,10400814.36110538
2026-03-11 03:00:00,9.313,9.336,9.596,9.25,6668981.063629173
2026-03-11 04:00:00,9.332,9.397,9.462,9.294,1569893.1247235453
2026-03-11 05:00:00,9.395,9.419,9.624,9.289,6209082.144998809
2026-03-11 06:00:00,9.376,9.438,9.496,9.247,3831231.32348935
2026-03-11 07:00:00,9.437,9.413,9.497,9.331,1616073.16268302
2026-03-11 08:00:00,9.471,9.643,9.86,9.437,11168683.55545852
2026-03-11 09:00:00,9.626,9.641,9.854,9.423,16061866.469581923
2026-03-11 10:00:00,9.69,9.489,9.744,9.482,12531965.987475233
2026-03-11 11:00:00,9.489,9.495,9.601,9.489,1802524.5856690677
2026-03-11 12:00:00,9.495,9.448,9.6,9.448,2802911.0530869653
2026-03-11 13:00:00,9.501,9.75,9.75,9.501,2780728.04099377
2026-03-11 14:00:00,9.787,9.606,9.787,9.508,6302555.03433929
2026-03-11 15:00:00,9.562,9.548,9.902,9.4,27717894.45142958
2026-03-11 16:00:00,9.584,9.547,9.598,9.543,675158.75180929
2026-03-11 17:00:00,9.546,9.575,9.576,9.545,822473.0632401168
2026-03-11 18:00:00,9.629,9.768,9.768,9.625,624345.60652695
2026-03-11 19:00:00,9.732,9.681,9.732,9.681,395389.84972998
2026-03-11 20:00:00,9.707,9.994,10.28,9.707,13602106.29158044
2026-03-11 21:00:00,10.0,10.07,10.14,9.903,2497782.1572641362
2026-03-11 22:00:00,10.07,9.802,10.07,9.683,6516360.878645655
2026-03-11 23:00:00,9.804,9.906,9.955,9.804,3559578.69602955
2026-03-12 00:00:00,9.904,9.909,9.975,9.846,1478317.72175289
2026-03-12 01:00:00,9.913,9.932,10.33,9.912,10748748.449588621
2026-03-12 02:00:00,9.93,9.795,10.05,9.785,6238492.93912364
2026-03-12 03:00:00,9.775,10.03,10.06,9.774,6156273.52411766
2026-03-12 04:00:00,10.04,10.02,10.18,9.987,5259133.13929977
2026-03-12 05:00:00,10.06,10.02,10.58,9.951,20456084.311985567
2026-03-12 06:00:00,10.01,9.988,10.34,9.96,14046497.118852174
2026-03-12 07:00:00,9.987,10.85,11.04,9.969,23991022.178702712
2026-03-12 08:00:00,10.84,9.8,11.52,9.799,117268083.8829176
2026-03-12 09:00:00,9.799,9.79,9.887,9.582,17755979.42304082
2026-03-12 10:00:00,9.837,9.755,9.859,9.676,4143503.00597548
2026-03-12 11:00:00,9.725,9.629,9.787,9.587,3032572.529203214
2026-03-12 12:00:00,9.627,9.582,9.725,9.52,7122470.911956734
2026-03-12 13:00:00,9.582,9.568,9.62,9.49,1650083.3657036675
2026-03-12 14:00:00,9.597,9.828,9.87,9.555,4981950.0781299565
2026-03-12 15:00:00,9.812,9.627,10.33,9.501,32815188.562738765
2026-03-12 16:00:00,9.551,9.495,9.613,9.45,4582973.699805098
2026-03-12 17:00:00,9.491,9.505,9.505,9.4,1262916.02780701
2026-03-12 18:00:00,9.503,9.428,9.503,9.419,422942.42885559
2026-03-12 19:00:00,9.417,9.416,9.475,9.416,125415.74348859
2026-03-12 20:00:00,9.46,9.433,9.46,9.404,872110.70093802
2026-03-12 21:00:00,9.433,9.36,9.506,9.35,2508246.85681539
2026-03-12 22:00:00,9.36,9.28,9.408,9.26,4065354.0830899053
2026-03-12 23:00:00,9.312,9.586,9.636,9.27,3698629.4401222416
2026-03-13 00:00:00,9.586,9.504,9.623,9.265,2879455.14939696
2026-03-13 01:00:00,9.507,9.51,9.579,9.419,1848987.63917851
2026-03-13 02:00:00,9.512,9.434,9.514,9.4,1583277.05823478
2026-03-13 03:00:00,9.463,9.445,9.463,9.299,3285751.6784387054
2026-03-13 04:00:00,9.445,9.432,9.445,9.364,1990469.7697552019
2026-03-13 05:00:00,9.385,9.305,9.442,9.277,3265110.271721828
2026-03-13 06:00:00,9.305,9.347,9.371,9.29,618919.0306437564
2026-03-13 07:00:00,9.309,9.279,9.353,9.278,1407420.3579828823
2026-03-13 08:00:00,9.29,9.392,9.392,9.29,1008171.9191995168
2026-03-13 09:00:00,9.364,9.421,9.441,9.355,926561.38016042
2026-03-13 10:00:00,9.406,9.385,9.458,9.385,798627.3219224318
2026-03-13 11:00:00,9.385,9.339,9.386,9.321,1681193.1416837478
2026-03-13 12:00:00,9.32,9.302,9.39,9.291,819732.61358615
2026-03-13 13:00:00,9.3,9.307,9.344,9.276,1288134.54195768
2026-03-13 14:00:00,9.307,9.239,9.363,9.141,2254305.769648035
2026-03-13 15:00:00,9.239,9.122,9.266,9.122,2033123.23049819
2026-03-13 16:00:00,9.156,9.152,9.165,9.044,500940.51822274
2026-03-13 17:00:00,9.155,9.119,9.227,9.119,235966.43450633847
2026-03-13 18:00:00,9.114,9.11,9.17,9.11,284645.59610455
2026-03-13 19:00:00,9.118,9.112,9.118,9.1,479385.64880501
2026-03-13 20:00:00,9.04,9.14,9.14,9.04,73735.6493341
2026-03-13 21:00:00,9.112,9.053,9.143,9.053,417926.06315813
2026-03-13 22:00:00,9.045,8.963,9.062,8.904,2023283.34317429
2026-03-13 23:00:00,9.015,9.0,9.059,8.996,885889.5650613762
2026-03-14 00:00:00,9.006,8.872,9.006,8.849,2461287.886712645
2026-03-14 01:00:00,8.872,8.947,8.961,8.872,515951.93638773
2026-03-14 02:00:00,8.942,8.994,9.035,8.942,437353.74808912
2026-03-14 03:00:00,8.982,8.925,9.007,8.909,736419.48154787
2026-03-14 04:00:00,8.937,8.941,8.966,8.902,1371111.83068464
2026-03-14 05:00:00,8.943,8.895,8.944,8.892,144952.48623508
2026-03-14 06:00:00,8.944,8.976,8.976,8.871,1003807.81364211
2026-03-14 07:00:00,9.039,9.032,9.092,8.949,817799.57972835
2026-03-14 08:00:00,9.016,9.024,9.026,8.921,484110.11281546904
2026-03-14 09:00:00,8.989,8.99,9.063,8.989,38120.65347215
2026-03-14 10:00:00,9.004,9.063,9.071,9.004,974817.07018362
2026-03-14 11:00:00,9.038,9.125,9.125,9.024,1438554.5590838504
2026-03-14 12:00:00,9.031,9.064,9.161,9.031,154995.85515625
2026-03-14 13:00:00,9.063,9.102,9.129,9.063,459862.45112533
2026-03-14 14:00:00,9.128,9.227,9.3,9.128,5406167.06092681
2026-03-14 15:00:00,9.209,9.133,9.227,8.954,1801853.29357668
2026-03-14 16:00:00,9.151,9.234,9.234,9.125,407765.28141597
2026-03-14 17:00:00,9.209,9.169,9.209,9.169,229234.3819
2026-03-14 18:00:00,9.169,9.186,9.208,9.169,45414.9425051
2026-03-14 19:00:00,9.195,9.159,9.195,9.115,607581.92525183
2026-03-14 20:00:00,9.179,9.166,9.179,9.115,503510.29198801
2026-03-14 21:00:00,9.189,9.19,9.19,9.188,18020.120234
2026-03-14 22:00:00,9.18,9.162,9.182,9.162,139656.10775462
2026-03-14 23:00:00,9.198,9.152,9.198,9.152,294874.97674777
2026-03-15 00:00:00,9.141,9.165,9.165,9.057,459126.07638101
2026-03-15 01:00:00,9.169,9.132,9.169,9.132,121291.88916682
2026-03-15 02:00:00,9.132,9.088,9.176,9.088,360505.22065489
2026-03-15 03:00:00,9.086,9.075,9.15,9.011,1573599.91733483
2026-03-15 04:00:00,9.075,9.097,9.158,9.071,1309633.37917722
2026-03-15 05:00:00,9.151,9.102,9.151,9.102,3018.00206008
2026-03-15 06:00:00,9.158,9.165,9.165,9.115,171976.55903330856
2026-03-15 07:00:00,9.223,9.057,9.23,9.057,879636.02424691
2026-03-15 08:00:00,9.093,9.091,9.144,9.091,438488.97929717
2026-03-15 09:00:00,9.109,9.056,9.109,9.056,56850.393118
2026-03-15 10:00:00,9.122,9.085,9.123,9.077,312564.87683162
2026-03-15 11:00:00,9.073,9.114,9.114,9.043,157123.76050536
2026-03-15 12:00:00,9.141,9.193,9.288,9.137,3200857.91701691
2026-03-15 13:00:00,9.218,9.165,9.238,9.165,37787.37909645
2026-03-15 14:00:00,9.206,9.155,9.206,9.155,123396.58544129
2026-03-15 15:00:00,9.194,9.1,9.194,9.051,1345626.97398344
2026-03-15 16:00:00,9.099,9.099,9.1,9.05,151455.48424278
2026-03-15 17:00:00,9.096,9.075,9.1,8.975,1915702.3621603493
2026-03-15 18:00:00,9.096,8.996,9.097,8.955,2040621.11657034
2026-03-15 19:00:00,8.968,9.0,9.026,8.968,13631.42894321
2026-03-15 20:00:00,8.957,8.964,9.009,8.956,213209.58821777
2026-03-15 21:00:00,8.967,8.982,9.033,8.966,51208.886798
2026-03-15 22:00:00,8.995,8.985,9.03,8.95,841867.16434675
2026-03-15 23:00:00,9.023,8.878,9.058,8.853,1562443.96924789
2026-03-16 00:00:00,8.964,8.897,8.965,8.891,509187.28409008
2026-03-16 01:00:00,8.898,8.934,8.934,8.868,534556.86413501
2026-03-16 02:00:00,8.927,8.912,8.959,8.911,251222.44709076
2026-03-16 03:00:00,8.912,8.904,8.971,8.87,1486593.19963236
2026-03-16 04:00:00,8.905,9.068,9.07,8.904,3754367.35318239
2026-03-16 05:00:00,9.035,9.192,9.192,9.022,364424.0987096354
2026-03-16 06:00:00,9.195,9.166,9.252,9.131,1031529.62923575
2026-03-16 07:00:00,9.188,9.19,9.19,9.187,42065.30092698
2026-03-16 08:00:00,9.188,9.309,9.309,9.188,1000262.06842334
2026-03-16 09:00:00,9.311,9.252,9.395,9.252,2223717.101629139
2026-03-16 10:00:00,9.298,9.26,9.366,9.252,875383.91142459
2026-03-16 11:00:00,9.26,9.291,9.324,9.26,360667.82411863
2026-03-16 12:00:00,9.278,9.259,9.294,9.207,613662.67432084
2026-03-16 13:00:00,9.262,9.195,9.279,9.195,306019.64805928
2026-03-16 14:00:00,9.261,9.202,9.277,9.188,1140729.57258191
2026-03-16 15:00:00,9.246,9.219,9.56,9.089,14743487.621769791
2026-03-16 17:00:00,9.215,9.215,9.215,9.215,543.0
2026-03-16 18:00:00,9.2,9.163,9.2,9.163,3216.51751057
2026-03-16 19:00:00,9.133,9.135,9.166,9.125,178525.50010389
2026-03-16 20:00:00,9.143,9.15,9.15,9.084,401622.03791052
2026-03-16 21:00:00,9.107,9.103,9.149,9.039,566266.7914263589
2026-03-16 22:00:00,9.117,9.09,9.169,9.078,700089.75428096
2026-03-16 23:00:00,9.069,9.095,9.142,9.059,393649.89515009
2026-03-17 00:00:00,9.097,9.076,9.135,9.031,1147666.47642629
2026-03-17 01:00:00,9.032,9.066,9.123,9.027,845965.1963117067
2026-03-17 02:00:00,9.065,9.109,9.109,9.064,267672.86888609
2026-03-17 03:00:00,9.108,8.934,9.114,8.905,1251744.68703504
2026-03-17 04:00:00,8.946,8.669,8.946,8.658,4389077.3944644
2026-03-17 05:00:00,8.671,8.717,8.747,8.655,625150.78045511
2026-03-17 06:00:00,8.721,8.757,8.797,8.717,2569144.36715355
2026-03-17 07:00:00,8.763,8.764,8.764,8.67,2820199.348864387
2026-03-17 08:00:00,8.718,8.748,8.801,8.718,456061.29265073535
2026-03-17 09:00:00,8.749,8.771,8.821,8.739,1574607.59423962
2026-03-17 10:00:00,8.78,8.735,8.817,8.67,938323.39215335
2026-03-17 11:00:00,8.798,8.829,8.895,8.797,960053.35250571
2026-03-17 12:00:00,8.801,8.82,8.885,8.801,121338.61337394
2026-03-17 13:00:00,8.825,8.819,8.835,8.819,13980.05698985
2026-03-17 14:00:00,8.862,8.917,8.917,8.857,249377.68347698
2026-03-17 15:00:00,8.917,8.934,9.256,8.899,18903070.941133328
2026-03-17 16:00:00,8.921,8.868,8.923,8.868,214780.38978308
2026-03-17 17:00:00,8.908,8.93,8.93,8.877,491771.74755235
2026-03-17 19:00:00,8.915,8.88,8.915,8.879,97608.6197
2026-03-17 20:00:00,8.901,8.868,8.903,8.868,58185.43638559
2026-03-17 21:00:00,8.849,8.798,8.849,8.783,473381.1215793862
2026-03-17 22:00:00,8.798,8.703,8.798,8.703,1195514.10759808
2026-03-17 23:00:00,8.706,8.603,8.707,8.6,1757622.4432454
2026-03-18 00:00:00,8.652,8.621,8.652,8.601,1296249.2567389363
2026-03-18 01:00:00,8.638,8.61,8.642,8.61,1164178.78984019
2026-03-18 02:00:00,8.641,8.57,8.641,8.57,687545.75098735
2026-03-18 03:00:00,8.551,8.579,8.579,8.541,1724730.31824876
2026-03-18 04:00:00,8.552,8.5,8.577,8.5,1579243.14668145
2026-03-18 05:00:00,8.539,8.535,8.556,8.51,186372.00434543
2026-03-18 06:00:00,8.527,8.491,8.533,8.491,705618.52529679
2026-03-18 07:00:00,8.489,8.6,8.726,8.415,3075212.1529281926
2026-03-18 08:00:00,8.578,8.591,8.591,8.518,870174.82134641
2026-03-18 09:00:00,8.528,8.544,8.544,8.49,301307.25869334
2026-03-18 10:00:00,8.525,8.529,8.638,8.511,1171222.9487804
2026-03-18 11:00:00,8.555,8.508,8.638,8.464,1256068.0064766
2026-03-18 12:00:00,8.515,8.438,8.515,8.379,907888.70291722
2026-03-18 13:00:00,8.415,8.432,8.447,8.396,1093145.689345877
2026-03-18 14:00:00,8.395,8.274,8.415,8.274,1888494.90199156
2026-03-18 15:00:00,8.246,8.298,8.304,8.245,570965.37936665
2026-03-18 16:00:00,8.294,8.212,8.294,8.168,1975733.71036354
2026-03-18 17:00:00,8.184,8.188,8.188,8.144,187220.26063559
2026-03-18 18:00:00,8.22,8.2,8.232,8.2,228698.06329986
2026-03-18 19:00:00,8.197,8.17,8.214,8.17,77722.31691483
2026-03-18 20:00:00,8.142,8.178,8.179,8.103,134378.48729541
2026-03-18 21:00:00,8.209,8.234,8.288,8.209,50528.4090436
2026-03-18 22:00:00,8.212,8.215,8.25,8.199,121884.74116299
2026-03-18 23:00:00,8.216,8.241,8.241,8.216,35148.64452901
2026-03-19 00:00:00,8.235,8.235,8.266,8.21,1175137.39270085
2026-03-19 01:00:00,8.214,8.195,8.218,8.182,612697.9904494875
2026-03-19 02:00:00,8.216,8.242,8.294,8.216,130041.59342933
2026-03-19 03:00:00,8.269,8.498,8.518,8.249,1259531.04762737
2026-03-19 04:00:00,8.43,8.361,8.43,8.332,165799.09599671664
2026-03-19 05:00:00,8.415,8.384,8.434,8.384,1341871.13365914
2026-03-19 06:00:00,8.408,8.407,8.414,8.379,99322.43226979
2026-03-19 07:00:00,8.363,8.345,8.366,8.289,1473371.7081898353
2026-03-19 08:00:00,8.344,8.255,8.448,8.254,1512114.74099795
2026-03-19 09:00:00,8.303,8.283,8.309,8.209,1152714.4114008895
2026-03-19 10:00:00,8.313,8.229,8.313,8.229,124797.08849398
2026-03-19 11:00:00,8.252,8.235,8.276,8.224,98524.2774287
2026-03-19 12:00:00,8.265,8.25,8.266,8.25,62157.07606737
2026-03-19 13:00:00,8.247,8.189,8.258,8.186,287243.27251152
2026-03-19 14:00:00,8.189,8.151,8.19,8.151,387555.7453026496
2026-03-19 15:00:00,8.17,7.719,8.191,7.719,2394427.41375619
2026-03-19 16:00:00,7.724,7.902,8.033,7.724,4286639.43140159
2026-03-19 17:00:00,7.928,7.952,7.952,7.874,100586.732154
2026-03-19 18:00:00,7.957,7.9,7.957,7.881,271601.94700239
2026-03-19 19:00:00,7.906,7.894,7.97,7.876,543183.27331148
2026-03-19 21:00:00,7.924,7.876,7.924,7.861,629806.280846
2026-03-19 22:00:00,7.871,7.933,7.933,7.871,576097.49026881
2026-03-19 23:00:00,7.932,7.907,7.938,7.907,675285.2775794772
2026-03-20 00:00:00,7.9,7.979,7.979,7.897,125196.970781
2026-03-20 01:00:00,7.97,7.924,7.972,7.894,521436.51500097
2026-03-20 02:00:00,7.899,7.883,7.934,7.859,926955.8921633684
2026-03-20 03:00:00,7.89,7.895,7.997,7.89,592225.1333
2026-03-20 04:00:00,7.924,7.999,8.033,7.924,1225842.8523578092
2026-03-20 05:00:00,8.006,7.991,8.009,7.952,57485.90627681
2026-03-20 06:00:00,7.975,7.903,7.975,7.894,539674.00867471
2026-03-20 07:00:00,7.903,7.836,7.903,7.76,824632.7420222
2026-03-20 08:00:00,7.836,7.862,7.871,7.823,1599238.30101028
2026-03-20 09:00:00,7.861,7.979,7.979,7.859,2638175.33195809
2026-03-20 10:00:00,7.967,7.848,7.967,7.845,585520.14273519
2026-03-20 11:00:00,7.9,7.826,7.901,7.826,466918.60082249
2026-03-20 12:00:00,7.825,7.817,7.836,7.81,198922.60834252
2026-03-20 13:00:00,7.819,7.871,7.952,7.818,710191.96954366
2026-03-20 14:00:00,7.869,7.917,7.947,7.869,31296.18772752
2026-03-20 15:00:00,7.92,7.925,8.473,7.897,12069002.575844796
2026-03-20 16:00:00,7.925,7.906,7.935,7.9,534619.61403032
2026-03-20 17:00:00,7.903,7.866,7.944,7.849,154843.27542659288
2026-03-20 18:00:00,7.866,7.872,7.934,7.865,154193.0063691
2026-03-20 19:00:00,7.87,7.862,7.892,7.845,221634.11655448
2026-03-20 20:00:00,7.868,7.766,7.868,7.7,953271.44850229
2026-03-20 21:00:00,7.731,7.738,7.794,7.731,308791.67962807
2026-03-20 22:00:00,7.745,7.734,7.785,7.731,457888.51953091
2026-03-20 23:00:00,7.767,7.777,7.788,7.767,265012.78543677
2026-03-21 00:00:00,7.797,7.797,7.804,7.777,492717.02982039
2026-03-21 01:00:00,7.776,7.73,7.783,7.729,1053341.1161018
2026-03-21 02:00:00,7.732,7.741,7.779,7.732,51080.15509351
2026-03-21 03:00:00,7.741,7.827,7.831,7.741,1256701.778313391
2026-03-21 04:00:00,7.842,7.873,7.909,7.833,501138.10936857
2026-03-21 05:00:00,7.873,7.886,7.919,7.858,55095.44942656
2026-03-21 06:00:00,7.886,7.887,7.887,7.886,1239.15800152
2026-03-21 07:00:00,7.857,7.823,7.874,7.823,561135.763495233
2026-03-21 08:00:00,7.823,7.82,7.824,7.784,17151.24208619
2026-03-21 09:00:00,7.786,7.786,7.787,7.786,23321.30195523
2026-03-21 10:00:00,7.855,7.815,7.855,7.815,7509.89354601
2026-03-21 11:00:00,7.794,7.788,7.804,7.788,39751.04079566
2026-03-21 12:00:00,7.788,7.77,7.813,7.77,318061.8026401008
2026-03-21 13:00:00,7.783,7.77,7.81,7.77,17026.14844027
2026-03-21 14:00:00,7.773,7.83,7.83,7.773,1829967.32475083
2026-03-21 15:00:00,7.805,8.012,8.08,7.77,15473466.293961188
2026-03-21 16:00:00,8.019,7.972,8.029,7.918,1244671.0692917192
2026-03-21 17:00:00,7.931,8.026,8.026,7.931,1316057.0920778345
2026-03-21 18:00:00,8.026,8.087,8.087,8.025,440646.255078656
2026-03-21 19:00:00,8.071,8.115,8.125,8.071,648116.37655219
2026-03-21 20:00:00,8.179,8.211,8.255,8.11,1187145.09966167
2026-03-21 21:00:00,8.219,8.786,8.973,8.171,22600234.302272413
2026-03-21 22:00:00,8.781,9.596,9.885,8.729,95304302.60353844
2026-03-21 23:00:00,9.584,9.095,10.24,9.007,138852004.26067328
2026-03-22 00:00:00,9.095,9.169,9.498,8.915,65351574.11700742
2026-03-22 01:00:00,9.171,8.962,9.171,8.828,23292903.08353732
2026-03-22 02:00:00,8.921,8.878,8.998,8.798,16523913.03456071
2026-03-22 03:00:00,8.888,8.979,9.011,8.838,8399259.486653939
2026-03-22 04:00:00,8.955,8.937,8.955,8.756,16514949.534008944
2026-03-22 05:00:00,8.943,9.135,9.494,8.877,96784544.3488013
2026-03-22 06:00:00,9.135,9.244,9.258,9.021,26175222.3794048
2026-03-22 07:00:00,9.245,9.083,9.285,9.038,25300131.532881755
2026-03-22 08:00:00,9.051,8.958,9.111,8.81,10590634.81761084
2026-03-22 09:00:00,8.912,8.706,8.913,8.682,10092875.855669012
2026-03-22 10:00:00,8.71,8.682,8.766,8.682,6684017.300837639
2026-03-22 11:00:00,8.69,8.486,8.815,8.415,14573674.13545054
2026-03-22 12:00:00,8.486,8.584,8.584,8.428,4763277.010990995
2026-03-22 13:00:00,8.574,8.643,8.716,8.556,2651163.05060661
2026-03-22 14:00:00,8.643,8.573,8.665,8.526,1965680.83828717
2026-03-22 15:00:00,8.575,8.444,9.0,8.408,51496807.76608069
2026-03-22 16:00:00,8.447,8.453,8.484,8.346,4356240.66064037
2026-03-22 17:00:00,8.402,8.371,8.548,8.345,1729367.387818758
2026-03-22 18:00:00,8.35,8.317,8.416,8.274,1380826.17392449
2026-03-22 19:00:00,8.295,8.289,8.319,8.264,2244057.43586372
2026-03-22 20:00:00,8.289,8.326,8.373,8.289,1582643.10817872
2026-03-22 21:00:00,8.326,8.282,8.394,8.274,2931010.0035279053
2026-03-22 22:00:00,8.268,8.21,8.292,8.208,2622406.25358339
2026-03-22 23:00:00,8.242,8.265,8.304,8.242,1622458.14011965
2026-03-23 00:00:00,8.301,8.175,8.301,8.118,4129772.80666805
2026-03-23 01:00:00,8.153,8.226,8.261,8.147,673578.44981768
